{"cameraMode":{"drawMode":0,"name":"Shaded","section":"Shading Mode"},"sceneLighting":true,"audioPlay":false,"sceneViewState":{"showFog":true,"showMaterialUpdate":false,"showSkybox":true,"showFlares":true,"showImageEffects":true,"showParticleSystems":true},"in2DMode":false,"pivot":{"x":0.0,"y":0.44602343440055849,"z":0.08728200197219849},"rotation":{"x":-0.012307452969253064,"y":-0.01740054041147232,"z":0.00021448495681397617,"w":-0.9997794032096863},"size":1.3987797498703004,"orthographic":false}