{"cameraMode":{"drawMode":0,"name":"Shaded","section":"Shading Mode"},"sceneLighting":true,"audioPlay":false,"sceneViewState":{"showFog":true,"showMaterialUpdate":false,"showSkybox":true,"showFlares":true,"showImageEffects":true,"showParticleSystems":true},"in2DMode":false,"pivot":{"x":0.987881600856781,"y":0.6876803040504456,"z":-0.4357018768787384},"rotation":{"x":-0.07523918151855469,"y":0.0020919996313750746,"z":-0.0001650712947594002,"w":-0.9971756935119629},"size":8.260749816894532,"orthographic":false}